{
  "title": "[INPUT] Add Zoom live transcription fetcher (streaming API) (Task 26)",
  "overview": "Implement detailed INPUT-layer functionality:\nAdd Zoom live transcription fetcher (streaming API)\n\nINPUT レイヤーの機能実装タスク。",
  "layer": "INPUT",
  "directory": "inputs/",
  "components": "input_component_26",
  "priority": "P0",
  "labels": [
    "feature",
    "input"
  ],
  "milestone": "v0.1",
  "tasks": [
    "[ ] Implement the functionality",
    "[ ] Add logging",
    "[ ] Add unit tests",
    "[ ] Validate with sample input",
    "[ ] Integrate with Runner pipeline",
    "[ ] Update documentation"
  ],
  "implementation_notes": "Must correctly implement: Add Zoom live transcription fetcher (streaming API)",
  "acceptance_criteria": [
    "No runtime errors",
    "Passes unit tests",
    "Works in integrated pipeline",
    "Handles edge cases",
    "Documentation updated"
  ],
  "related_files": [
    "Claude.md",
    "architecture.md",
    "pipeline.md"
  ],
  "doc_references": "docs/input/task_26.md"
}