{
  "title": "[CONVERT] Add cross-provider audio sync checker (Task 162)",
  "overview": "Final-phase implementation task for CONVERT layer:\nAdd cross-provider audio sync checker\n\n本番リリースに必要な最終タスク。",
  "layer": "CONVERT",
  "directory": "converters/",
  "components": "convert_component_162",
  "priority": "P0",
  "labels": [
    "feature",
    "convert"
  ],
  "milestone": "v1.0",
  "tasks": [
    "[ ] Implement functionality",
    "[ ] Add logging and metrics",
    "[ ] Add tests (unit/integration)",
    "[ ] Validate with real data",
    "[ ] Integrate with full pipeline",
    "[ ] Update documentation"
  ],
  "implementation_notes": "Must complete final release functionality: Add cross-provider audio sync checker",
  "acceptance_criteria": [
    "Full reliability under real conditions",
    "Passes all tests",
    "Integrates with all layers",
    "Handles edge cases",
    "Documentation completed"
  ],
  "related_files": [
    "Claude.md",
    "architecture.md",
    "pipeline.md"
  ],
  "doc_references": "docs/convert/task_162.md"
}