{
  "title": "[LLM] Implement corrupted audio auto-recovery handler (Task 163)",
  "overview": "Final-phase implementation task for LLM layer:\nImplement corrupted audio auto-recovery handler\n\n本番リリースに必要な最終タスク。",
  "layer": "LLM",
  "directory": "llm/",
  "components": "llm_component_163",
  "priority": "P0",
  "labels": [
    "feature",
    "llm"
  ],
  "milestone": "v1.0",
  "tasks": [
    "[ ] Implement functionality",
    "[ ] Add logging and metrics",
    "[ ] Add tests (unit/integration)",
    "[ ] Validate with real data",
    "[ ] Integrate with full pipeline",
    "[ ] Update documentation"
  ],
  "implementation_notes": "Must complete final release functionality: Implement corrupted audio auto-recovery handler",
  "acceptance_criteria": [
    "Full reliability under real conditions",
    "Passes all tests",
    "Integrates with all layers",
    "Handles edge cases",
    "Documentation completed"
  ],
  "related_files": [
    "Claude.md",
    "architecture.md",
    "pipeline.md"
  ],
  "doc_references": "docs/llm/task_163.md"
}