{
  "title": "[CORE] Implement long-duration recording stability tests (Task 165)",
  "overview": "Final-phase implementation task for CORE layer:\nImplement long-duration recording stability tests\n\n本番リリースに必要な最終タスク。",
  "layer": "CORE",
  "directory": "core/",
  "components": "core_component_165",
  "priority": "P0",
  "labels": [
    "feature",
    "core"
  ],
  "milestone": "v1.0",
  "tasks": [
    "[ ] Implement functionality",
    "[ ] Add logging and metrics",
    "[ ] Add tests (unit/integration)",
    "[ ] Validate with real data",
    "[ ] Integrate with full pipeline",
    "[ ] Update documentation"
  ],
  "implementation_notes": "Must complete final release functionality: Implement long-duration recording stability tests",
  "acceptance_criteria": [
    "Full reliability under real conditions",
    "Passes all tests",
    "Integrates with all layers",
    "Handles edge cases",
    "Documentation completed"
  ],
  "related_files": [
    "Claude.md",
    "architecture.md",
    "pipeline.md"
  ],
  "doc_references": "docs/core/task_165.md"
}