{
  "title": "[CLI] Implement timestamp drift corrector (multi-segment) (Task 167)",
  "overview": "Final-phase implementation task for CLI layer:\nImplement timestamp drift corrector (multi-segment)\n\n本番リリースに必要な最終タスク。",
  "layer": "CLI",
  "directory": "core/cli/",
  "components": "cli_component_167",
  "priority": "P0",
  "labels": [
    "feature",
    "cli"
  ],
  "milestone": "v1.0",
  "tasks": [
    "[ ] Implement functionality",
    "[ ] Add logging and metrics",
    "[ ] Add tests (unit/integration)",
    "[ ] Validate with real data",
    "[ ] Integrate with full pipeline",
    "[ ] Update documentation"
  ],
  "implementation_notes": "Must complete final release functionality: Implement timestamp drift corrector (multi-segment)",
  "acceptance_criteria": [
    "Full reliability under real conditions",
    "Passes all tests",
    "Integrates with all layers",
    "Handles edge cases",
    "Documentation completed"
  ],
  "related_files": [
    "Claude.md",
    "architecture.md",
    "pipeline.md"
  ],
  "doc_references": "docs/cli/task_167.md"
}