{
  "title": "[UTILS] Add transcript confidence scoring pipeline (Task 168)",
  "overview": "Final-phase implementation task for UTILS layer:\nAdd transcript confidence scoring pipeline\n\n本番リリースに必要な最終タスク。",
  "layer": "UTILS",
  "directory": "utils/",
  "components": "utils_component_168",
  "priority": "P0",
  "labels": [
    "feature",
    "utils"
  ],
  "milestone": "v1.0",
  "tasks": [
    "[ ] Implement functionality",
    "[ ] Add logging and metrics",
    "[ ] Add tests (unit/integration)",
    "[ ] Validate with real data",
    "[ ] Integrate with full pipeline",
    "[ ] Update documentation"
  ],
  "implementation_notes": "Must complete final release functionality: Add transcript confidence scoring pipeline",
  "acceptance_criteria": [
    "Full reliability under real conditions",
    "Passes all tests",
    "Integrates with all layers",
    "Handles edge cases",
    "Documentation completed"
  ],
  "related_files": [
    "Claude.md",
    "architecture.md",
    "pipeline.md"
  ],
  "doc_references": "docs/utils/task_168.md"
}