{
  "title": "[INPUT] Implement diarization fallback strategies (Task 169)",
  "overview": "Final-phase implementation task for INPUT layer:\nImplement diarization fallback strategies\n\n本番リリースに必要な最終タスク。",
  "layer": "INPUT",
  "directory": "inputs/",
  "components": "input_component_169",
  "priority": "P0",
  "labels": [
    "feature",
    "input"
  ],
  "milestone": "v1.0",
  "tasks": [
    "[ ] Implement functionality",
    "[ ] Add logging and metrics",
    "[ ] Add tests (unit/integration)",
    "[ ] Validate with real data",
    "[ ] Integrate with full pipeline",
    "[ ] Update documentation"
  ],
  "implementation_notes": "Must complete final release functionality: Implement diarization fallback strategies",
  "acceptance_criteria": [
    "Full reliability under real conditions",
    "Passes all tests",
    "Integrates with all layers",
    "Handles edge cases",
    "Documentation completed"
  ],
  "related_files": [
    "Claude.md",
    "architecture.md",
    "pipeline.md"
  ],
  "doc_references": "docs/input/task_169.md"
}