{
  "title": "[OUTPUT] Add safety filter for hallucinated minutes (Task 172)",
  "overview": "Final-phase implementation task for OUTPUT layer:\nAdd safety filter for hallucinated minutes\n\n本番リリースに必要な最終タスク。",
  "layer": "OUTPUT",
  "directory": "outputs/",
  "components": "output_component_172",
  "priority": "P0",
  "labels": [
    "feature",
    "output"
  ],
  "milestone": "v1.0",
  "tasks": [
    "[ ] Implement functionality",
    "[ ] Add logging and metrics",
    "[ ] Add tests (unit/integration)",
    "[ ] Validate with real data",
    "[ ] Integrate with full pipeline",
    "[ ] Update documentation"
  ],
  "implementation_notes": "Must complete final release functionality: Add safety filter for hallucinated minutes",
  "acceptance_criteria": [
    "Full reliability under real conditions",
    "Passes all tests",
    "Integrates with all layers",
    "Handles edge cases",
    "Documentation completed"
  ],
  "related_files": [
    "Claude.md",
    "architecture.md",
    "pipeline.md"
  ],
  "doc_references": "docs/output/task_172.md"
}