{
  "title": "[CORE] Implement huge-transcript chunk routing (LLM router) (Task 173)",
  "overview": "Final-phase implementation task for CORE layer:\nImplement huge-transcript chunk routing (LLM router)\n\n本番リリースに必要な最終タスク。",
  "layer": "CORE",
  "directory": "core/",
  "components": "core_component_173",
  "priority": "P0",
  "labels": [
    "feature",
    "core"
  ],
  "milestone": "v1.0",
  "tasks": [
    "[ ] Implement functionality",
    "[ ] Add logging and metrics",
    "[ ] Add tests (unit/integration)",
    "[ ] Validate with real data",
    "[ ] Integrate with full pipeline",
    "[ ] Update documentation"
  ],
  "implementation_notes": "Must complete final release functionality: Implement huge-transcript chunk routing (LLM router)",
  "acceptance_criteria": [
    "Full reliability under real conditions",
    "Passes all tests",
    "Integrates with all layers",
    "Handles edge cases",
    "Documentation completed"
  ],
  "related_files": [
    "Claude.md",
    "architecture.md",
    "pipeline.md"
  ],
  "doc_references": "docs/core/task_173.md"
}