{
  "title": "[INPUT] Implement global exception surface reporter (Task 185)",
  "overview": "Final-phase implementation task for INPUT layer:\nImplement global exception surface reporter\n\n本番リリースに必要な最終タスク。",
  "layer": "INPUT",
  "directory": "inputs/",
  "components": "input_component_185",
  "priority": "P1",
  "labels": [
    "feature",
    "input"
  ],
  "milestone": "v1.0",
  "tasks": [
    "[ ] Implement functionality",
    "[ ] Add logging and metrics",
    "[ ] Add tests (unit/integration)",
    "[ ] Validate with real data",
    "[ ] Integrate with full pipeline",
    "[ ] Update documentation"
  ],
  "implementation_notes": "Must complete final release functionality: Implement global exception surface reporter",
  "acceptance_criteria": [
    "Full reliability under real conditions",
    "Passes all tests",
    "Integrates with all layers",
    "Handles edge cases",
    "Documentation completed"
  ],
  "related_files": [
    "Claude.md",
    "architecture.md",
    "pipeline.md"
  ],
  "doc_references": "docs/input/task_185.md"
}