{
  "title": "[LLM] Implement daemon hot-update config (Task 187)",
  "overview": "Final-phase implementation task for LLM layer:\nImplement daemon hot-update config\n\n本番リリースに必要な最終タスク。",
  "layer": "LLM",
  "directory": "llm/",
  "components": "llm_component_187",
  "priority": "P1",
  "labels": [
    "feature",
    "llm"
  ],
  "milestone": "v1.0",
  "tasks": [
    "[ ] Implement functionality",
    "[ ] Add logging and metrics",
    "[ ] Add tests (unit/integration)",
    "[ ] Validate with real data",
    "[ ] Integrate with full pipeline",
    "[ ] Update documentation"
  ],
  "implementation_notes": "Must complete final release functionality: Implement daemon hot-update config",
  "acceptance_criteria": [
    "Full reliability under real conditions",
    "Passes all tests",
    "Integrates with all layers",
    "Handles edge cases",
    "Documentation completed"
  ],
  "related_files": [
    "Claude.md",
    "architecture.md",
    "pipeline.md"
  ],
  "doc_references": "docs/llm/task_187.md"
}