{
  "title": "[OUTPUT] Add daemon memory-leak watchdog (Task 188)",
  "overview": "Final-phase implementation task for OUTPUT layer:\nAdd daemon memory-leak watchdog\n\n本番リリースに必要な最終タスク。",
  "layer": "OUTPUT",
  "directory": "outputs/",
  "components": "output_component_188",
  "priority": "P1",
  "labels": [
    "feature",
    "output"
  ],
  "milestone": "v1.0",
  "tasks": [
    "[ ] Implement functionality",
    "[ ] Add logging and metrics",
    "[ ] Add tests (unit/integration)",
    "[ ] Validate with real data",
    "[ ] Integrate with full pipeline",
    "[ ] Update documentation"
  ],
  "implementation_notes": "Must complete final release functionality: Add daemon memory-leak watchdog",
  "acceptance_criteria": [
    "Full reliability under real conditions",
    "Passes all tests",
    "Integrates with all layers",
    "Handles edge cases",
    "Documentation completed"
  ],
  "related_files": [
    "Claude.md",
    "architecture.md",
    "pipeline.md"
  ],
  "doc_references": "docs/output/task_188.md"
}