{
  "title": "[DAEMON] Add daemon panic-safe restart mode (Task 190)",
  "overview": "Final-phase implementation task for DAEMON layer:\nAdd daemon panic-safe restart mode\n\n本番リリースに必要な最終タスク。",
  "layer": "DAEMON",
  "directory": "core/daemon/",
  "components": "daemon_component_190",
  "priority": "P1",
  "labels": [
    "feature",
    "daemon"
  ],
  "milestone": "v1.0",
  "tasks": [
    "[ ] Implement functionality",
    "[ ] Add logging and metrics",
    "[ ] Add tests (unit/integration)",
    "[ ] Validate with real data",
    "[ ] Integrate with full pipeline",
    "[ ] Update documentation"
  ],
  "implementation_notes": "Must complete final release functionality: Add daemon panic-safe restart mode",
  "acceptance_criteria": [
    "Full reliability under real conditions",
    "Passes all tests",
    "Integrates with all layers",
    "Handles edge cases",
    "Documentation completed"
  ],
  "related_files": [
    "Claude.md",
    "architecture.md",
    "pipeline.md"
  ],
  "doc_references": "docs/daemon/task_190.md"
}