{
  "title": "[CONVERT] Implement interactive pipeline test runner (Task 194)",
  "overview": "Final-phase implementation task for CONVERT layer:\nImplement interactive pipeline test runner\n\n本番リリースに必要な最終タスク。",
  "layer": "CONVERT",
  "directory": "converters/",
  "components": "convert_component_194",
  "priority": "P1",
  "labels": [
    "feature",
    "convert"
  ],
  "milestone": "v1.0",
  "tasks": [
    "[ ] Implement functionality",
    "[ ] Add logging and metrics",
    "[ ] Add tests (unit/integration)",
    "[ ] Validate with real data",
    "[ ] Integrate with full pipeline",
    "[ ] Update documentation"
  ],
  "implementation_notes": "Must complete final release functionality: Implement interactive pipeline test runner",
  "acceptance_criteria": [
    "Full reliability under real conditions",
    "Passes all tests",
    "Integrates with all layers",
    "Handles edge cases",
    "Documentation completed"
  ],
  "related_files": [
    "Claude.md",
    "architecture.md",
    "pipeline.md"
  ],
  "doc_references": "docs/convert/task_194.md"
}