{
  "title": "[CLI] Add execution trace generator (Task 199)",
  "overview": "Final-phase implementation task for CLI layer:\nAdd execution trace generator\n\n本番リリースに必要な最終タスク。",
  "layer": "CLI",
  "directory": "core/cli/",
  "components": "cli_component_199",
  "priority": "P1",
  "labels": [
    "feature",
    "cli"
  ],
  "milestone": "v1.0",
  "tasks": [
    "[ ] Implement functionality",
    "[ ] Add logging and metrics",
    "[ ] Add tests (unit/integration)",
    "[ ] Validate with real data",
    "[ ] Integrate with full pipeline",
    "[ ] Update documentation"
  ],
  "implementation_notes": "Must complete final release functionality: Add execution trace generator",
  "acceptance_criteria": [
    "Full reliability under real conditions",
    "Passes all tests",
    "Integrates with all layers",
    "Handles edge cases",
    "Documentation completed"
  ],
  "related_files": [
    "Claude.md",
    "architecture.md",
    "pipeline.md"
  ],
  "doc_references": "docs/cli/task_199.md"
}