{
  "title": "[INPUT] Extract Meet metadata (attendance, join/leave logs) (Task 12)",
  "overview": "Implement detailed INPUT-layer functionality:\nExtract Meet metadata (attendance, join/leave logs)\n\nINPUT レイヤーの機能実装タスク。",
  "layer": "INPUT",
  "directory": "inputs/",
  "components": "input_component_12",
  "priority": "P1",
  "labels": [
    "feature",
    "input"
  ],
  "milestone": "v0.1",
  "tasks": [
    "[ ] Implement the functionality",
    "[ ] Add logging",
    "[ ] Add unit tests",
    "[ ] Validate with sample input",
    "[ ] Integrate with Runner pipeline",
    "[ ] Update documentation"
  ],
  "implementation_notes": "Must correctly implement: Extract Meet metadata (attendance, join/leave logs)",
  "acceptance_criteria": [
    "No runtime errors",
    "Passes unit tests",
    "Works in integrated pipeline",
    "Handles edge cases",
    "Documentation updated"
  ],
  "related_files": [
    "Claude.md",
    "architecture.md",
    "pipeline.md"
  ],
  "doc_references": "docs/input/task_12.md"
}