{
  "title": "[INPUT] Implement generic local file audio loader (WAV, MP3, M4A, WebM) (Task 19)",
  "overview": "Implement detailed INPUT-layer functionality:\nImplement generic local file audio loader (WAV, MP3, M4A, WebM)\n\nINPUT レイヤーの機能実装タスク。",
  "layer": "INPUT",
  "directory": "inputs/",
  "components": "input_component_19",
  "priority": "P1",
  "labels": [
    "feature",
    "input"
  ],
  "milestone": "v0.1",
  "tasks": [
    "[ ] Implement the functionality",
    "[ ] Add logging",
    "[ ] Add unit tests",
    "[ ] Validate with sample input",
    "[ ] Integrate with Runner pipeline",
    "[ ] Update documentation"
  ],
  "implementation_notes": "Must correctly implement: Implement generic local file audio loader (WAV, MP3, M4A, WebM)",
  "acceptance_criteria": [
    "No runtime errors",
    "Passes unit tests",
    "Works in integrated pipeline",
    "Handles edge cases",
    "Documentation updated"
  ],
  "related_files": [
    "Claude.md",
    "architecture.md",
    "pipeline.md"
  ],
  "doc_references": "docs/input/task_19.md"
}