{
  "title": "[CONVERT] Implement segment stitching with timestamp correction (Task 47)",
  "overview": "Implement CONVERT-layer functionality:\nImplement segment stitching with timestamp correction\n\nCONVERT レイヤーの機能実装タスク。",
  "layer": "CONVERT",
  "directory": "converters/",
  "components": "convert_component_47",
  "priority": "P0",
  "labels": [
    "feature",
    "convert"
  ],
  "milestone": "v0.1",
  "tasks": [
    "[ ] Implement the functionality",
    "[ ] Add logging and metrics",
    "[ ] Add unit tests",
    "[ ] Validate with multiple audio formats",
    "[ ] Integrate with Runner pipeline",
    "[ ] Update documentation"
  ],
  "implementation_notes": "This task must implement: Implement segment stitching with timestamp correction",
  "acceptance_criteria": [
    "Correct transcript output",
    "No crashes on edge cases",
    "Passes unit tests",
    "Works end-to-end in pipeline",
    "Docs updated"
  ],
  "related_files": [
    "Claude.md",
    "architecture.md",
    "pipeline.md"
  ],
  "doc_references": "docs/convert/task_47.md"
}