{
  "title": "[CONVERT] Implement file-type router (WAV/MP3/M4A/WebM) (Task 57)",
  "overview": "Implement CONVERT-layer functionality:\nImplement file-type router (WAV/MP3/M4A/WebM)\n\nCONVERT レイヤーの機能実装タスク。",
  "layer": "CONVERT",
  "directory": "converters/",
  "components": "convert_component_57",
  "priority": "P1",
  "labels": [
    "feature",
    "convert"
  ],
  "milestone": "v0.1",
  "tasks": [
    "[ ] Implement the functionality",
    "[ ] Add logging and metrics",
    "[ ] Add unit tests",
    "[ ] Validate with multiple audio formats",
    "[ ] Integrate with Runner pipeline",
    "[ ] Update documentation"
  ],
  "implementation_notes": "This task must implement: Implement file-type router (WAV/MP3/M4A/WebM)",
  "acceptance_criteria": [
    "Correct transcript output",
    "No crashes on edge cases",
    "Passes unit tests",
    "Works end-to-end in pipeline",
    "Docs updated"
  ],
  "related_files": [
    "Claude.md",
    "architecture.md",
    "pipeline.md"
  ],
  "doc_references": "docs/convert/task_57.md"
}