{
  "title": "[UTILS] Implement audio metadata extractor using ffprobe (sample rate, channels, duration) (Task 156)",
  "overview": "Implement UTILS-layer functionality:\nImplement audio metadata extractor using ffprobe (sample rate, channels, duration)\n\nUTILS レイヤーの本番タスク。",
  "layer": "UTILS",
  "directory": "utils/",
  "components": "utils_component_156",
  "priority": "P1",
  "labels": [
    "feature",
    "utils"
  ],
  "milestone": "v1.0",
  "tasks": [
    "[ ] Implement utility function",
    "[ ] Add logging",
    "[ ] Add unit tests",
    "[ ] Validate with sample files",
    "[ ] Integrate with converters & core modules",
    "[ ] Update documentation"
  ],
  "implementation_notes": "Must implement utility logic: Implement audio metadata extractor using ffprobe (sample rate, channels, duration)",
  "acceptance_criteria": [
    "Utility works reliably",
    "Passes unit tests",
    "Handles corrupted files gracefully",
    "Integrates with pipeline",
    "Docs updated"
  ],
  "related_files": [
    "Claude.md",
    "architecture.md",
    "pipeline.md"
  ],
  "doc_references": "docs/utils/task_156.md"
}