{
  "title": "[UTILS] Add audio duration calculator with fallback parser (Task 157)",
  "overview": "Implement UTILS-layer functionality:\nAdd audio duration calculator with fallback parser\n\nUTILS レイヤーの本番タスク。",
  "layer": "UTILS",
  "directory": "utils/",
  "components": "utils_component_157",
  "priority": "P1",
  "labels": [
    "feature",
    "utils"
  ],
  "milestone": "v1.0",
  "tasks": [
    "[ ] Implement utility function",
    "[ ] Add logging",
    "[ ] Add unit tests",
    "[ ] Validate with sample files",
    "[ ] Integrate with converters & core modules",
    "[ ] Update documentation"
  ],
  "implementation_notes": "Must implement utility logic: Add audio duration calculator with fallback parser",
  "acceptance_criteria": [
    "Utility works reliably",
    "Passes unit tests",
    "Handles corrupted files gracefully",
    "Integrates with pipeline",
    "Docs updated"
  ],
  "related_files": [
    "Claude.md",
    "architecture.md",
    "pipeline.md"
  ],
  "doc_references": "docs/utils/task_157.md"
}