{
  "title": "[LLM] Add NotebookLM reference document linking (Task 64)",
  "overview": "Implement LLM-layer functionality:\nAdd NotebookLM reference document linking\n\nLLM レイヤーの重要タスク。",
  "layer": "LLM",
  "directory": "llm/",
  "components": "llm_component_64",
  "priority": "P0",
  "labels": [
    "feature",
    "llm"
  ],
  "milestone": "v0.2",
  "tasks": [
    "[ ] Implement the functionality",
    "[ ] Add logging and debug metrics",
    "[ ] Add unit tests",
    "[ ] Validate using sample transcripts",
    "[ ] Integrate into LLM pipeline",
    "[ ] Update documentation"
  ],
  "implementation_notes": "Must implement LLM logic: Add NotebookLM reference document linking",
  "acceptance_criteria": [
    "Stable API usage",
    "Correct minutes/summaries",
    "Resilient to long inputs",
    "Passes tests",
    "Documents updated"
  ],
  "related_files": [
    "Claude.md",
    "architecture.md",
    "pipeline.md"
  ],
  "doc_references": "docs/llm/task_64.md"
}