{
  "title": "[LLM] Implement Claude API wrapper with tool-use support (Task 67)",
  "overview": "Implement LLM-layer functionality:\nImplement Claude API wrapper with tool-use support\n\nLLM レイヤーの重要タスク。",
  "layer": "LLM",
  "directory": "llm/",
  "components": "llm_component_67",
  "priority": "P0",
  "labels": [
    "feature",
    "llm"
  ],
  "milestone": "v0.2",
  "tasks": [
    "[ ] Implement the functionality",
    "[ ] Add logging and debug metrics",
    "[ ] Add unit tests",
    "[ ] Validate using sample transcripts",
    "[ ] Integrate into LLM pipeline",
    "[ ] Update documentation"
  ],
  "implementation_notes": "Must implement LLM logic: Implement Claude API wrapper with tool-use support",
  "acceptance_criteria": [
    "Stable API usage",
    "Correct minutes/summaries",
    "Resilient to long inputs",
    "Passes tests",
    "Documents updated"
  ],
  "related_files": [
    "Claude.md",
    "architecture.md",
    "pipeline.md"
  ],
  "doc_references": "docs/llm/task_67.md"
}