{
  "title": "[LLM] Add retry logic with exponential backoff (Task 76)",
  "overview": "Implement LLM-layer functionality:\nAdd retry logic with exponential backoff\n\nLLM レイヤーの重要タスク。",
  "layer": "LLM",
  "directory": "llm/",
  "components": "llm_component_76",
  "priority": "P1",
  "labels": [
    "feature",
    "llm"
  ],
  "milestone": "v0.2",
  "tasks": [
    "[ ] Implement the functionality",
    "[ ] Add logging and debug metrics",
    "[ ] Add unit tests",
    "[ ] Validate using sample transcripts",
    "[ ] Integrate into LLM pipeline",
    "[ ] Update documentation"
  ],
  "implementation_notes": "Must implement LLM logic: Add retry logic with exponential backoff",
  "acceptance_criteria": [
    "Stable API usage",
    "Correct minutes/summaries",
    "Resilient to long inputs",
    "Passes tests",
    "Documents updated"
  ],
  "related_files": [
    "Claude.md",
    "architecture.md",
    "pipeline.md"
  ],
  "doc_references": "docs/llm/task_76.md"
}