{
  "title": "[LLM] Add structured minutes → output adapter (Task 80)",
  "overview": "Implement LLM-layer functionality:\nAdd structured minutes → output adapter\n\nLLM レイヤーの重要タスク。",
  "layer": "LLM",
  "directory": "llm/",
  "components": "llm_component_80",
  "priority": "P1",
  "labels": [
    "feature",
    "llm"
  ],
  "milestone": "v0.2",
  "tasks": [
    "[ ] Implement the functionality",
    "[ ] Add logging and debug metrics",
    "[ ] Add unit tests",
    "[ ] Validate using sample transcripts",
    "[ ] Integrate into LLM pipeline",
    "[ ] Update documentation"
  ],
  "implementation_notes": "Must implement LLM logic: Add structured minutes → output adapter",
  "acceptance_criteria": [
    "Stable API usage",
    "Correct minutes/summaries",
    "Resilient to long inputs",
    "Passes tests",
    "Documents updated"
  ],
  "related_files": [
    "Claude.md",
    "architecture.md",
    "pipeline.md"
  ],
  "doc_references": "docs/llm/task_80.md"
}