{
  "title": "[OUTPUT] Add output cleanup & pruning policy (Task 96)",
  "overview": "Implement OUTPUT-layer functionality:\nAdd output cleanup & pruning policy\n\nOUTPUT レイヤーの本番タスク。",
  "layer": "OUTPUT",
  "directory": "outputs/",
  "components": "output_component_96",
  "priority": "P1",
  "labels": [
    "feature",
    "output"
  ],
  "milestone": "v0.2",
  "tasks": [
    "[ ] Implement renderer function",
    "[ ] Add styling/templates",
    "[ ] Add logging and debug metrics",
    "[ ] Add unit tests",
    "[ ] Validate sample output manually",
    "[ ] Integrate with Runner pipeline",
    "[ ] Update documentation"
  ],
  "implementation_notes": "Must implement output rendering logic: Add output cleanup & pruning policy",
  "acceptance_criteria": [
    "Correct output formatting",
    "Stable generation across formats",
    "Passes unit tests",
    "Works end-to-end in pipeline",
    "Docs updated"
  ],
  "related_files": [
    "Claude.md",
    "architecture.md",
    "pipeline.md"
  ],
  "doc_references": "docs/output/task_96.md"
}