{
  "title": "[CORE] Add Config loader with YAML/JSON schema validation (Task 114)",
  "overview": "Implement CORE-layer functionality:\nAdd Config loader with YAML/JSON schema validation\n\nCORE レイヤーの本番タスク。",
  "layer": "CORE",
  "directory": "core/",
  "components": "core_component_114",
  "priority": "P0",
  "labels": [
    "feature",
    "core"
  ],
  "milestone": "v1.0",
  "tasks": [
    "[ ] Implement core logic",
    "[ ] Add logging and metrics",
    "[ ] Add unit tests",
    "[ ] Add integration tests",
    "[ ] Validate pipeline behavior",
    "[ ] Update documentation"
  ],
  "implementation_notes": "Must implement core system logic: Add Config loader with YAML/JSON schema validation",
  "acceptance_criteria": [
    "Core pipeline operates reliably",
    "Passes unit & integration tests",
    "Handles edge cases gracefully",
    "Meets performance requirements",
    "Docs updated"
  ],
  "related_files": [
    "Claude.md",
    "architecture.md",
    "pipeline.md"
  ],
  "doc_references": "docs/core/task_114.md"
}