{
  "title": "[CORE] Implement internal event bus for module communication (Task 135)",
  "overview": "Implement CORE-layer functionality:\nImplement internal event bus for module communication\n\nCORE レイヤーの本番タスク。",
  "layer": "CORE",
  "directory": "core/",
  "components": "core_component_135",
  "priority": "P1",
  "labels": [
    "feature",
    "core"
  ],
  "milestone": "v1.0",
  "tasks": [
    "[ ] Implement core logic",
    "[ ] Add logging and metrics",
    "[ ] Add unit tests",
    "[ ] Add integration tests",
    "[ ] Validate pipeline behavior",
    "[ ] Update documentation"
  ],
  "implementation_notes": "Must implement core system logic: Implement internal event bus for module communication",
  "acceptance_criteria": [
    "Core pipeline operates reliably",
    "Passes unit & integration tests",
    "Handles edge cases gracefully",
    "Meets performance requirements",
    "Docs updated"
  ],
  "related_files": [
    "Claude.md",
    "architecture.md",
    "pipeline.md"
  ],
  "doc_references": "docs/core/task_135.md"
}