{
  "title": "[DAEMON] Implement long-running watchdog (process health monitor) (Task 145)",
  "overview": "Implement DAEMON-layer functionality:\nImplement long-running watchdog (process health monitor)\n\nDAEMON レイヤーの本番タスク。",
  "layer": "DAEMON",
  "directory": "core/daemon/",
  "components": "daemon_component_145",
  "priority": "P0",
  "labels": [
    "feature",
    "daemon"
  ],
  "milestone": "v1.0",
  "tasks": [
    "[ ] Implement daemon logic",
    "[ ] Add continuous event loop",
    "[ ] Add logging and metrics",
    "[ ] Add unit tests",
    "[ ] Validate long-running stability",
    "[ ] Update documentation"
  ],
  "implementation_notes": "Must implement daemon logic: Implement long-running watchdog (process health monitor)",
  "acceptance_criteria": [
    "Stable for multi-hour runs",
    "Handles provider events correctly",
    "Graceful recovery from errors",
    "Passes tests",
    "Docs updated"
  ],
  "related_files": [
    "Claude.md",
    "architecture.md",
    "pipeline.md"
  ],
  "doc_references": "docs/daemon/task_145.md"
}